section id,recording id,fixation id,start timestamp [ns],end timestamp [ns],duration [ms],fixation detected on surface,fixation x [normalized],fixation y [normalized]
9d485631-d3e7-4b9e-9846-86c24d17cd85,12cadca8-c51a-4d86-af40-408bb0fd9381,2,1649868268476134069,1649868269316133069,839,false,-4.974123,0.295266
9d485631-d3e7-4b9e-9846-86c24d17cd85,12cadca8-c51a-4d86-af40-408bb0fd9381,4,1649868270087945069,1649868270436107069,348,false,2.423952,-1.395966
9d485631-d3e7-4b9e-9846-86c24d17cd85,12cadca8-c51a-4d86-af40-408bb0fd9381,5,1649868270476468069,1649868270844238069,367,false,2.572177,-2.10787
9d485631-d3e7-4b9e-9846-86c24d17cd85,12cadca8-c51a-4d86-af40-408bb0fd9381,6,1649868270884189069,1649868271052350069,168,false,1.797707,-1.371689
9d485631-d3e7-4b9e-9846-86c24d17cd85,12cadca8-c51a-4d86-af40-408bb0fd9381,7,1649868271107985069,1649868271236162069,128,false,2.611413,-1.37856
9d485631-d3e7-4b9e-9846-86c24d17cd85,12cadca8-c51a-4d86-af40-408bb0fd9381,8,1649868271388202069,1649868271768105069,379,false,3.530151,-1.481818
9d485631-d3e7-4b9e-9846-86c24d17cd85,12cadca8-c51a-4d86-af40-408bb0fd9381,9,1649868271964174069,1649868272192112069,227,false,1.425165,-1.304002
9d485631-d3e7-4b9e-9846-86c24d17cd85,12cadca8-c51a-4d86-af40-408bb0fd9381,15,1649868274804282069,1649868275244046069,439,false,5.312796,-1.741832
9d485631-d3e7-4b9e-9846-86c24d17cd85,12cadca8-c51a-4d86-af40-408bb0fd9381,16,1649868275311990069,1649868275628148069,316,false,2.027147,-1.354307
9d485631-d3e7-4b9e-9846-86c24d17cd85,12cadca8-c51a-4d86-af40-408bb0fd9381,17,1649868275720297069,1649868275787977069,67,false,2.722857,-0.126121
9d485631-d3e7-4b9e-9846-86c24d17cd85,12cadca8-c51a-4d86-af40-408bb0fd9381,18,1649868276083953069,1649868276376078069,292,false,2.297231,-1.414512
9d485631-d3e7-4b9e-9846-86c24d17cd85,12cadca8-c51a-4d86-af40-408bb0fd9381,19,1649868276436142069,1649868276852265069,416,false,3.766375,-1.509577
9d485631-d3e7-4b9e-9846-86c24d17cd85,12cadca8-c51a-4d86-af40-408bb0fd9381,20,1649868276916214069,1649868277036138069,119,false,1.762161,-1.44986
9d485631-d3e7-4b9e-9846-86c24d17cd85,12cadca8-c51a-4d86-af40-408bb0fd9381,25,1649868278328078069,1649868278776423069,448,false,4.730364,-1.672082
9d485631-d3e7-4b9e-9846-86c24d17cd85,12cadca8-c51a-4d86-af40-408bb0fd9381,26,1649868278836157069,1649868279307970069,471,false,2.421167,-1.503559
9d485631-d3e7-4b9e-9846-86c24d17cd85,12cadca8-c51a-4d86-af40-408bb0fd9381,27,1649868279360566069,1649868279632114069,271,false,3.3987,-1.379002
9d485631-d3e7-4b9e-9846-86c24d17cd85,12cadca8-c51a-4d86-af40-408bb0fd9381,28,1649868279668073069,1649868279764055069,95,false,3.9123,-1.504937
9d485631-d3e7-4b9e-9846-86c24d17cd85,12cadca8-c51a-4d86-af40-408bb0fd9381,29,1649868279884037069,1649868280064119069,180,false,4.085917,-1.563821
9d485631-d3e7-4b9e-9846-86c24d17cd85,12cadca8-c51a-4d86-af40-408bb0fd9381,30,1649868280116075069,1649868280584121069,468,false,2.671294,-1.450669
9d485631-d3e7-4b9e-9846-86c24d17cd85,12cadca8-c51a-4d86-af40-408bb0fd9381,31,1649868280636104069,1649868281236364069,600,false,4.355793,-1.501347
9d485631-d3e7-4b9e-9846-86c24d17cd85,12cadca8-c51a-4d86-af40-408bb0fd9381,32,1649868281284128069,1649868281891992069,607,false,2.845316,-1.473911
9d485631-d3e7-4b9e-9846-86c24d17cd85,12cadca8-c51a-4d86-af40-408bb0fd9381,33,1649868281940231069,1649868282351972069,411,false,3.57217,-1.33864
9d485631-d3e7-4b9e-9846-86c24d17cd85,12cadca8-c51a-4d86-af40-408bb0fd9381,34,1649868282392271069,1649868282648594069,256,false,2.523572,-1.333839
9d485631-d3e7-4b9e-9846-86c24d17cd85,12cadca8-c51a-4d86-af40-408bb0fd9381,35,1649868282708173069,1649868283347979069,639,false,3.469175,-1.312813
9d485631-d3e7-4b9e-9846-86c24d17cd85,12cadca8-c51a-4d86-af40-408bb0fd9381,36,1649868283391962069,1649868283668004069,276,false,2.484965,-1.427191
9d485631-d3e7-4b9e-9846-86c24d17cd85,12cadca8-c51a-4d86-af40-408bb0fd9381,37,1649868283712011069,1649868284168192069,456,false,4.077387,-1.52628
9d485631-d3e7-4b9e-9846-86c24d17cd85,12cadca8-c51a-4d86-af40-408bb0fd9381,38,1649868284208149069,1649868284516075069,307,false,2.874438,-1.577816
9d485631-d3e7-4b9e-9846-86c24d17cd85,12cadca8-c51a-4d86-af40-408bb0fd9381,39,1649868284556319069,1649868284904180069,347,false,4.413029,-1.645875
9d485631-d3e7-4b9e-9846-86c24d17cd85,12cadca8-c51a-4d86-af40-408bb0fd9381,40,1649868284952079069,1649868285312250069,360,false,2.820166,-1.513533
9d485631-d3e7-4b9e-9846-86c24d17cd85,12cadca8-c51a-4d86-af40-408bb0fd9381,41,1649868285348095069,1649868285732113069,384,false,2.80157,-1.538912
9d485631-d3e7-4b9e-9846-86c24d17cd85,12cadca8-c51a-4d86-af40-408bb0fd9381,42,1649868285760301069,1649868286284179069,523,false,2.563995,-1.486618
9d485631-d3e7-4b9e-9846-86c24d17cd85,12cadca8-c51a-4d86-af40-408bb0fd9381,43,1649868286316191069,1649868286476103069,159,false,1.922393,-1.467788
9d485631-d3e7-4b9e-9846-86c24d17cd85,12cadca8-c51a-4d86-af40-408bb0fd9381,44,1649868286652229069,1649868286900507069,248,false,1.908747,-1.459511
9d485631-d3e7-4b9e-9846-86c24d17cd85,12cadca8-c51a-4d86-af40-408bb0fd9381,45,1649868286928245069,1649868287268109069,339,false,2.169321,-1.489298
9d485631-d3e7-4b9e-9846-86c24d17cd85,12cadca8-c51a-4d86-af40-408bb0fd9381,46,1649868287440624069,1649868287676091069,235,false,1.116007,-1.458811
9d485631-d3e7-4b9e-9846-86c24d17cd85,12cadca8-c51a-4d86-af40-408bb0fd9381,47,1649868287716060069,1649868287944270069,228,false,1.744462,-1.462904
9d485631-d3e7-4b9e-9846-86c24d17cd85,12cadca8-c51a-4d86-af40-408bb0fd9381,48,1649868287976154069,1649868288164120069,187,false,2.321946,-1.556139
9d485631-d3e7-4b9e-9846-86c24d17cd85,12cadca8-c51a-4d86-af40-408bb0fd9381,49,1649868288207948069,1649868288432247069,224,false,1.140173,-1.377899
9d485631-d3e7-4b9e-9846-86c24d17cd85,12cadca8-c51a-4d86-af40-408bb0fd9381,50,1649868288636166069,1649868288924131069,287,false,2.467416,-1.504326
9d485631-d3e7-4b9e-9846-86c24d17cd85,12cadca8-c51a-4d86-af40-408bb0fd9381,52,1649868289496170069,1649868289588227069,92,false,-0.773018,0.525374
9d485631-d3e7-4b9e-9846-86c24d17cd85,12cadca8-c51a-4d86-af40-408bb0fd9381,53,1649868289747957069,1649868290072303069,324,false,-1.242251,-1.17535
9d485631-d3e7-4b9e-9846-86c24d17cd85,12cadca8-c51a-4d86-af40-408bb0fd9381,54,1649868290347973069,1649868290788928069,440,false,2.091277,-1.403926
9d485631-d3e7-4b9e-9846-86c24d17cd85,12cadca8-c51a-4d86-af40-408bb0fd9381,55,1649868290820243069,1649868291047961069,227,false,2.651504,-1.483946
9d485631-d3e7-4b9e-9846-86c24d17cd85,12cadca8-c51a-4d86-af40-408bb0fd9381,56,1649868291104158069,1649868291224463069,120,false,1.870752,-1.387105
9d485631-d3e7-4b9e-9846-86c24d17cd85,12cadca8-c51a-4d86-af40-408bb0fd9381,57,1649868291288223069,1649868291468086069,179,false,2.627095,-0.495661
9d485631-d3e7-4b9e-9846-86c24d17cd85,12cadca8-c51a-4d86-af40-408bb0fd9381,58,1649868291544338069,1649868291808686069,264,false,0.933873,-0.028789
9d485631-d3e7-4b9e-9846-86c24d17cd85,12cadca8-c51a-4d86-af40-408bb0fd9381,59,1649868291996058069,1649868292244108069,248,false,2.546712,-1.525478
9d485631-d3e7-4b9e-9846-86c24d17cd85,12cadca8-c51a-4d86-af40-408bb0fd9381,60,1649868292292096069,1649868292552202069,260,false,3.257842,-1.600946
9d485631-d3e7-4b9e-9846-86c24d17cd85,12cadca8-c51a-4d86-af40-408bb0fd9381,61,1649868292592135069,1649868292752348069,160,false,4.294351,-1.650139
9d485631-d3e7-4b9e-9846-86c24d17cd85,12cadca8-c51a-4d86-af40-408bb0fd9381,62,1649868292804170069,1649868293291960069,487,false,2.238784,-1.473683
9d485631-d3e7-4b9e-9846-86c24d17cd85,12cadca8-c51a-4d86-af40-408bb0fd9381,63,1649868293320347069,1649868293588149069,267,false,1.870888,-1.420744
9d485631-d3e7-4b9e-9846-86c24d17cd85,12cadca8-c51a-4d86-af40-408bb0fd9381,64,1649868293659972069,1649868293808152069,148,false,2.527618,-0.506129
9d485631-d3e7-4b9e-9846-86c24d17cd85,12cadca8-c51a-4d86-af40-408bb0fd9381,65,1649868293856103069,1649868294012126069,156,false,4.395998,-1.173373
9d485631-d3e7-4b9e-9846-86c24d17cd85,12cadca8-c51a-4d86-af40-408bb0fd9381,66,1649868294048045069,1649868294232004069,183,false,4.712844,-1.136844
9d485631-d3e7-4b9e-9846-86c24d17cd85,12cadca8-c51a-4d86-af40-408bb0fd9381,67,1649868294292083069,1649868294548041069,255,false,2.737793,-1.463499
9d485631-d3e7-4b9e-9846-86c24d17cd85,12cadca8-c51a-4d86-af40-408bb0fd9381,68,1649868294591944069,1649868294791960069,200,false,1.739423,-1.423694
9d485631-d3e7-4b9e-9846-86c24d17cd85,12cadca8-c51a-4d86-af40-408bb0fd9381,69,1649868294980375069,1649868295376207069,395,false,4.964558,-1.682972
9d485631-d3e7-4b9e-9846-86c24d17cd85,12cadca8-c51a-4d86-af40-408bb0fd9381,70,1649868295568088069,1649868295856145069,288,false,2.463639,-1.328406
9d485631-d3e7-4b9e-9846-86c24d17cd85,12cadca8-c51a-4d86-af40-408bb0fd9381,71,1649868295904146069,1649868296164281069,260,false,2.984317,-1.36445
9d485631-d3e7-4b9e-9846-86c24d17cd85,12cadca8-c51a-4d86-af40-408bb0fd9381,72,1649868296224072069,1649868296532341069,308,false,1.831165,-1.394972
9d485631-d3e7-4b9e-9846-86c24d17cd85,12cadca8-c51a-4d86-af40-408bb0fd9381,73,1649868296596032069,1649868296876123069,280,false,3.198544,-1.424974
9d485631-d3e7-4b9e-9846-86c24d17cd85,12cadca8-c51a-4d86-af40-408bb0fd9381,74,1649868296920108069,1649868297328180069,408,false,2.201045,-1.440003
9d485631-d3e7-4b9e-9846-86c24d17cd85,12cadca8-c51a-4d86-af40-408bb0fd9381,75,1649868297380060069,1649868297652107069,272,false,3.937422,-1.560132
9d485631-d3e7-4b9e-9846-86c24d17cd85,12cadca8-c51a-4d86-af40-408bb0fd9381,76,1649868297708266069,1649868298107967069,399,false,2.178067,-1.435398
9d485631-d3e7-4b9e-9846-86c24d17cd85,12cadca8-c51a-4d86-af40-408bb0fd9381,77,1649868298148068069,1649868298444256069,296,false,3.211505,-1.481914
9d485631-d3e7-4b9e-9846-86c24d17cd85,12cadca8-c51a-4d86-af40-408bb0fd9381,78,1649868298488328069,1649868299000603069,512,false,4.345334,-1.561472
9d485631-d3e7-4b9e-9846-86c24d17cd85,12cadca8-c51a-4d86-af40-408bb0fd9381,81,1649868299484103069,1649868299844142069,360,false,-0.964788,-1.095251
9d485631-d3e7-4b9e-9846-86c24d17cd85,12cadca8-c51a-4d86-af40-408bb0fd9381,89,1649868302804344069,1649868303016096069,211,false,-3.194724,-0.985363
9d485631-d3e7-4b9e-9846-86c24d17cd85,12cadca8-c51a-4d86-af40-408bb0fd9381,116,1649868316127965069,1649868316380132069,252,false,5.433068,-0.976346
9d485631-d3e7-4b9e-9846-86c24d17cd85,12cadca8-c51a-4d86-af40-408bb0fd9381,117,1649868316408106069,1649868316500183069,92,false,1.826642,-0.877874
9d485631-d3e7-4b9e-9846-86c24d17cd85,12cadca8-c51a-4d86-af40-408bb0fd9381,118,1649868316588092069,1649868317064742069,476,false,3.763831,-1.471101
9d485631-d3e7-4b9e-9846-86c24d17cd85,12cadca8-c51a-4d86-af40-408bb0fd9381,119,1649868317271960069,1649868318636293069,1364,false,2.873062,-1.480409
9d485631-d3e7-4b9e-9846-86c24d17cd85,12cadca8-c51a-4d86-af40-408bb0fd9381,120,1649868318656004069,1649868319144105069,488,false,2.595841,-1.647708
9d485631-d3e7-4b9e-9846-86c24d17cd85,12cadca8-c51a-4d86-af40-408bb0fd9381,121,1649868319212141069,1649868319384459069,172,false,3.44154,-0.31353
9d485631-d3e7-4b9e-9846-86c24d17cd85,12cadca8-c51a-4d86-af40-408bb0fd9381,124,1649868320172346069,1649868320808106069,635,false,2.371433,-1.402698
9d485631-d3e7-4b9e-9846-86c24d17cd85,12cadca8-c51a-4d86-af40-408bb0fd9381,125,1649868320832352069,1649868321128241069,295,false,2.460187,-1.784016
9d485631-d3e7-4b9e-9846-86c24d17cd85,12cadca8-c51a-4d86-af40-408bb0fd9381,126,1649868321164236069,1649868321420210069,255,false,2.450875,-1.275321
9d485631-d3e7-4b9e-9846-86c24d17cd85,12cadca8-c51a-4d86-af40-408bb0fd9381,127,1649868321468254069,1649868321747984069,279,false,2.435944,-1.72724
9d485631-d3e7-4b9e-9846-86c24d17cd85,12cadca8-c51a-4d86-af40-408bb0fd9381,128,1649868321891950069,1649868322441594069,549,false,2.400115,-1.423613
9d485631-d3e7-4b9e-9846-86c24d17cd85,12cadca8-c51a-4d86-af40-408bb0fd9381,129,1649868322644060069,1649868323384068069,740,true,0.111381,0.212479
9d485631-d3e7-4b9e-9846-86c24d17cd85,12cadca8-c51a-4d86-af40-408bb0fd9381,130,1649868323499956069,1649868323856166069,356,false,2.174062,-1.285009
9d485631-d3e7-4b9e-9846-86c24d17cd85,12cadca8-c51a-4d86-af40-408bb0fd9381,131,1649868323888116069,1649868324227979069,339,false,1.845458,-1.550423
9d485631-d3e7-4b9e-9846-86c24d17cd85,12cadca8-c51a-4d86-af40-408bb0fd9381,132,1649868324612162069,1649868324836115069,223,false,2.330641,0.325422
9d485631-d3e7-4b9e-9846-86c24d17cd85,12cadca8-c51a-4d86-af40-408bb0fd9381,133,1649868324876111069,1649868325447995069,571,false,2.548969,-0.085384
9d485631-d3e7-4b9e-9846-86c24d17cd85,12cadca8-c51a-4d86-af40-408bb0fd9381,137,1649868326467958069,1649868327968159069,1500,false,2.30113,-0.225835
9d485631-d3e7-4b9e-9846-86c24d17cd85,12cadca8-c51a-4d86-af40-408bb0fd9381,138,1649868328124327069,1649868329804146069,1679,false,2.61002,-0.163018
9d485631-d3e7-4b9e-9846-86c24d17cd85,12cadca8-c51a-4d86-af40-408bb0fd9381,139,1649868329836012069,1649868330164140069,328,false,2.340229,-0.192105
9d485631-d3e7-4b9e-9846-86c24d17cd85,12cadca8-c51a-4d86-af40-408bb0fd9381,140,1649868330195976069,1649868330444278069,248,false,2.516644,-0.179268
9d485631-d3e7-4b9e-9846-86c24d17cd85,12cadca8-c51a-4d86-af40-408bb0fd9381,141,1649868330476077069,1649868330804371069,328,false,2.276546,-0.196987
9d485631-d3e7-4b9e-9846-86c24d17cd85,12cadca8-c51a-4d86-af40-408bb0fd9381,142,1649868330836071069,1649868331696018069,859,false,2.544124,-0.179922
9d485631-d3e7-4b9e-9846-86c24d17cd85,12cadca8-c51a-4d86-af40-408bb0fd9381,143,1649868331728057069,1649868332012018069,283,false,2.394941,-0.14101
9d485631-d3e7-4b9e-9846-86c24d17cd85,12cadca8-c51a-4d86-af40-408bb0fd9381,144,1649868332044131069,1649868332232086069,187,false,2.674088,-0.137543
9d485631-d3e7-4b9e-9846-86c24d17cd85,12cadca8-c51a-4d86-af40-408bb0fd9381,148,1649868333544451069,1649868334244380069,699,false,2.451158,-0.194262
9d485631-d3e7-4b9e-9846-86c24d17cd85,12cadca8-c51a-4d86-af40-408bb0fd9381,151,1649868334996189069,1649868335252114069,255,false,0.608606,-0.070925
9d485631-d3e7-4b9e-9846-86c24d17cd85,12cadca8-c51a-4d86-af40-408bb0fd9381,153,1649868335600330069,1649868336436314069,835,false,2.71756,-0.098433
9d485631-d3e7-4b9e-9846-86c24d17cd85,12cadca8-c51a-4d86-af40-408bb0fd9381,155,1649868336860231069,1649868337132012069,271,false,1.469993,-1.140291
9d485631-d3e7-4b9e-9846-86c24d17cd85,12cadca8-c51a-4d86-af40-408bb0fd9381,157,1649868337816157069,1649868338095955069,279,true,0.754106,0.080448
9d485631-d3e7-4b9e-9846-86c24d17cd85,12cadca8-c51a-4d86-af40-408bb0fd9381,158,1649868338144375069,1649868338284243069,139,true,0.213226,0.119706
9d485631-d3e7-4b9e-9846-86c24d17cd85,12cadca8-c51a-4d86-af40-408bb0fd9381,159,1649868338332154069,1649868340592505069,2260,false,-0.083764,-0.002948
9d485631-d3e7-4b9e-9846-86c24d17cd85,12cadca8-c51a-4d86-af40-408bb0fd9381,160,1649868340611956069,1649868340953116069,341,false,0.157259,-0.030534
9d485631-d3e7-4b9e-9846-86c24d17cd85,12cadca8-c51a-4d86-af40-408bb0fd9381,164,1649868341668005069,1649868342032159069,364,true,0.474395,0.023409
9d485631-d3e7-4b9e-9846-86c24d17cd85,12cadca8-c51a-4d86-af40-408bb0fd9381,166,1649868342392237069,1649868342696181069,303,false,1.661749,-1.510726
9d485631-d3e7-4b9e-9846-86c24d17cd85,12cadca8-c51a-4d86-af40-408bb0fd9381,168,1649868343276710069,1649868343516705069,239,false,0.505212,-0.083805
9d485631-d3e7-4b9e-9846-86c24d17cd85,12cadca8-c51a-4d86-af40-408bb0fd9381,170,1649868343868674069,1649868344105020069,236,false,3.798835,-1.014178
9d485631-d3e7-4b9e-9846-86c24d17cd85,12cadca8-c51a-4d86-af40-408bb0fd9381,173,1649868345020705069,1649868345200715069,180,false,1.525156,-1.457832
9d485631-d3e7-4b9e-9846-86c24d17cd85,12cadca8-c51a-4d86-af40-408bb0fd9381,177,1649868346696648069,1649868347396735069,700,false,1.811816,-1.435783
9d485631-d3e7-4b9e-9846-86c24d17cd85,12cadca8-c51a-4d86-af40-408bb0fd9381,180,1649868348104690069,1649868348184665069,79,false,0.004883,0.204622
9d485631-d3e7-4b9e-9846-86c24d17cd85,12cadca8-c51a-4d86-af40-408bb0fd9381,181,1649868348332792069,1649868348681052069,348,false,1.834543,-1.562751
9d485631-d3e7-4b9e-9846-86c24d17cd85,12cadca8-c51a-4d86-af40-408bb0fd9381,182,1649868348900721069,1649868351136865069,2236,false,0.032705,0.218455
9d485631-d3e7-4b9e-9846-86c24d17cd85,12cadca8-c51a-4d86-af40-408bb0fd9381,183,1649868351232499069,1649868351765233069,532,false,1.853953,-1.26225
9d485631-d3e7-4b9e-9846-86c24d17cd85,12cadca8-c51a-4d86-af40-408bb0fd9381,184,1649868351989063069,1649868352788764069,799,false,0.049727,0.251724
9d485631-d3e7-4b9e-9846-86c24d17cd85,12cadca8-c51a-4d86-af40-408bb0fd9381,185,1649868352808562069,1649868353168757069,360,true,0.222693,0.173856
9d485631-d3e7-4b9e-9846-86c24d17cd85,12cadca8-c51a-4d86-af40-408bb0fd9381,186,1649868353188865069,1649868353820981069,632,true,0.056603,0.200936
9d485631-d3e7-4b9e-9846-86c24d17cd85,12cadca8-c51a-4d86-af40-408bb0fd9381,187,1649868353841160069,1649868354016880069,175,false,-0.041792,0.128205
9d485631-d3e7-4b9e-9846-86c24d17cd85,12cadca8-c51a-4d86-af40-408bb0fd9381,188,1649868354104613069,1649868354668728069,564,false,1.705361,-1.380294
9d485631-d3e7-4b9e-9846-86c24d17cd85,12cadca8-c51a-4d86-af40-408bb0fd9381,190,1649868355036734069,1649868355536466069,499,false,0.016968,0.183701
9d485631-d3e7-4b9e-9846-86c24d17cd85,12cadca8-c51a-4d86-af40-408bb0fd9381,191,1649868355676687069,1649868356152484069,475,false,1.913522,-1.451176
9d485631-d3e7-4b9e-9846-86c24d17cd85,12cadca8-c51a-4d86-af40-408bb0fd9381,192,1649868356180631069,1649868356521202069,340,false,1.803555,-1.676834
9d485631-d3e7-4b9e-9846-86c24d17cd85,12cadca8-c51a-4d86-af40-408bb0fd9381,194,1649868356848912069,1649868357536697069,687,false,0.01783,0.199023
9d485631-d3e7-4b9e-9846-86c24d17cd85,12cadca8-c51a-4d86-af40-408bb0fd9381,195,1649868357636468069,1649868358024788069,388,false,1.660858,-1.458154
9d485631-d3e7-4b9e-9846-86c24d17cd85,12cadca8-c51a-4d86-af40-408bb0fd9381,196,1649868358264772069,1649868359776720069,1511,false,0.02334,0.237732
9d485631-d3e7-4b9e-9846-86c24d17cd85,12cadca8-c51a-4d86-af40-408bb0fd9381,197,1649868359912471069,1649868360628749069,716,false,1.701876,-1.541852
9d485631-d3e7-4b9e-9846-86c24d17cd85,12cadca8-c51a-4d86-af40-408bb0fd9381,198,1649868360841034069,1649868361484664069,643,false,-0.057567,0.264687
9d485631-d3e7-4b9e-9846-86c24d17cd85,12cadca8-c51a-4d86-af40-408bb0fd9381,199,1649868361636713069,1649868362084742069,448,false,1.736174,-1.490276
9d485631-d3e7-4b9e-9846-86c24d17cd85,12cadca8-c51a-4d86-af40-408bb0fd9381,201,1649868362480483069,1649868364800748069,2320,false,0.000183,0.247164
9d485631-d3e7-4b9e-9846-86c24d17cd85,12cadca8-c51a-4d86-af40-408bb0fd9381,202,1649868364956721069,1649868365220742069,264,false,1.66751,-1.491664
9d485631-d3e7-4b9e-9846-86c24d17cd85,12cadca8-c51a-4d86-af40-408bb0fd9381,203,1649868365332738069,1649868365988705069,655,false,-0.066057,0.26783
9d485631-d3e7-4b9e-9846-86c24d17cd85,12cadca8-c51a-4d86-af40-408bb0fd9381,206,1649868366520877069,1649868366732495069,211,false,2.781197,-1.406899
9d485631-d3e7-4b9e-9846-86c24d17cd85,12cadca8-c51a-4d86-af40-408bb0fd9381,207,1649868366776645069,1649868368249186069,1472,false,1.778061,-1.704342
9d485631-d3e7-4b9e-9846-86c24d17cd85,12cadca8-c51a-4d86-af40-408bb0fd9381,209,1649868368660878069,1649868368948523069,287,false,-0.070956,0.298221
9d485631-d3e7-4b9e-9846-86c24d17cd85,12cadca8-c51a-4d86-af40-408bb0fd9381,210,1649868369100584069,1649868369472501069,371,false,1.622276,-1.074094
9d485631-d3e7-4b9e-9846-86c24d17cd85,12cadca8-c51a-4d86-af40-408bb0fd9381,211,1649868369660728069,1649868370832919069,1172,false,0.023012,0.224652
9d485631-d3e7-4b9e-9846-86c24d17cd85,12cadca8-c51a-4d86-af40-408bb0fd9381,212,1649868370868701069,1649868374588669069,3719,true,0.204939,0.199823
9d485631-d3e7-4b9e-9846-86c24d17cd85,12cadca8-c51a-4d86-af40-408bb0fd9381,213,1649868374616585069,1649868374816602069,200,false,-0.021821,0.2532
9d485631-d3e7-4b9e-9846-86c24d17cd85,12cadca8-c51a-4d86-af40-408bb0fd9381,214,1649868374848984069,1649868375348906069,499,true,0.21331,0.200085
9d485631-d3e7-4b9e-9846-86c24d17cd85,12cadca8-c51a-4d86-af40-408bb0fd9381,218,1649868376588738069,1649868377200696069,611,true,0.388711,0.263853
9d485631-d3e7-4b9e-9846-86c24d17cd85,12cadca8-c51a-4d86-af40-408bb0fd9381,219,1649868377392483069,1649868378048717069,656,true,0.145136,0.262243
9d485631-d3e7-4b9e-9846-86c24d17cd85,12cadca8-c51a-4d86-af40-408bb0fd9381,220,1649868378216782069,1649868379748616069,1531,true,0.197525,0.205476
9d485631-d3e7-4b9e-9846-86c24d17cd85,12cadca8-c51a-4d86-af40-408bb0fd9381,221,1649868379800741069,1649868380060874069,260,true,0.967113,0.231311
9d485631-d3e7-4b9e-9846-86c24d17cd85,12cadca8-c51a-4d86-af40-408bb0fd9381,222,1649868380108459069,1649868381428853069,1320,true,0.172945,0.265845
9d485631-d3e7-4b9e-9846-86c24d17cd85,12cadca8-c51a-4d86-af40-408bb0fd9381,223,1649868381612816069,1649868381936781069,323,true,0.22353,0.315143
9d485631-d3e7-4b9e-9846-86c24d17cd85,12cadca8-c51a-4d86-af40-408bb0fd9381,227,1649868383540756069,1649868384356719069,815,true,0.24745,0.238112
9d485631-d3e7-4b9e-9846-86c24d17cd85,12cadca8-c51a-4d86-af40-408bb0fd9381,228,1649868384632710069,1649868384960694069,327,true,0.235569,0.275827
9d485631-d3e7-4b9e-9846-86c24d17cd85,12cadca8-c51a-4d86-af40-408bb0fd9381,229,1649868385256692069,1649868386740849069,1484,true,0.241043,0.262267
9d485631-d3e7-4b9e-9846-86c24d17cd85,12cadca8-c51a-4d86-af40-408bb0fd9381,230,1649868386793034069,1649868387032715069,239,true,0.939163,0.315149
9d485631-d3e7-4b9e-9846-86c24d17cd85,12cadca8-c51a-4d86-af40-408bb0fd9381,231,1649868387208691069,1649868388576919069,1368,true,0.244367,0.244234
9d485631-d3e7-4b9e-9846-86c24d17cd85,12cadca8-c51a-4d86-af40-408bb0fd9381,232,1649868388632696069,1649868388988485069,355,false,0.959191,0.135753
9d485631-d3e7-4b9e-9846-86c24d17cd85,12cadca8-c51a-4d86-af40-408bb0fd9381,233,1649868389180741069,1649868393040492069,3859,true,0.241867,0.263271
9d485631-d3e7-4b9e-9846-86c24d17cd85,12cadca8-c51a-4d86-af40-408bb0fd9381,234,1649868393232779069,1649868393372708069,139,false,1.017959,0.032826
9d485631-d3e7-4b9e-9846-86c24d17cd85,12cadca8-c51a-4d86-af40-408bb0fd9381,235,1649868393605004069,1649868393688691069,83,true,0.327475,0.206046
9d485631-d3e7-4b9e-9846-86c24d17cd85,12cadca8-c51a-4d86-af40-408bb0fd9381,236,1649868393708491069,1649868394232717069,524,true,0.286199,0.252366
9d485631-d3e7-4b9e-9846-86c24d17cd85,12cadca8-c51a-4d86-af40-408bb0fd9381,237,1649868394288649069,1649868394540496069,251,false,1.0319,0.226687
9d485631-d3e7-4b9e-9846-86c24d17cd85,12cadca8-c51a-4d86-af40-408bb0fd9381,238,1649868394760748069,1649868395360474069,599,true,0.26877,0.270386
9d485631-d3e7-4b9e-9846-86c24d17cd85,12cadca8-c51a-4d86-af40-408bb0fd9381,239,1649868395628815069,1649868395728574069,99,true,0.755187,0.046726
9d485631-d3e7-4b9e-9846-86c24d17cd85,12cadca8-c51a-4d86-af40-408bb0fd9381,240,1649868396040495069,1649868396256688069,216,false,1.180408,0.032399
9d485631-d3e7-4b9e-9846-86c24d17cd85,12cadca8-c51a-4d86-af40-408bb0fd9381,241,1649868396316685069,1649868397296936069,980,true,0.198315,0.291617
9d485631-d3e7-4b9e-9846-86c24d17cd85,12cadca8-c51a-4d86-af40-408bb0fd9381,242,1649868397352764069,1649868397668665069,315,false,0.989695,0.245394
9d485631-d3e7-4b9e-9846-86c24d17cd85,12cadca8-c51a-4d86-af40-408bb0fd9381,243,1649868397688490069,1649868397904667069,216,false,1.128298,0.137806
9d485631-d3e7-4b9e-9846-86c24d17cd85,12cadca8-c51a-4d86-af40-408bb0fd9381,244,1649868398052755069,1649868399468872069,1416,true,0.269396,0.242206
9d485631-d3e7-4b9e-9846-86c24d17cd85,12cadca8-c51a-4d86-af40-408bb0fd9381,247,1649868400232624069,1649868401040670069,808,true,0.156799,0.354931
9d485631-d3e7-4b9e-9846-86c24d17cd85,12cadca8-c51a-4d86-af40-408bb0fd9381,248,1649868401088779069,1649868401368685069,279,false,-0.078739,0.129375
9d485631-d3e7-4b9e-9846-86c24d17cd85,12cadca8-c51a-4d86-af40-408bb0fd9381,251,1649868402148742069,1649868403260925069,1112,true,0.202639,0.251902
9d485631-d3e7-4b9e-9846-86c24d17cd85,12cadca8-c51a-4d86-af40-408bb0fd9381,252,1649868403480682069,1649868403656808069,176,true,0.190053,0.26791
9d485631-d3e7-4b9e-9846-86c24d17cd85,12cadca8-c51a-4d86-af40-408bb0fd9381,253,1649868403824973069,1649868411481205069,7656,true,0.242094,0.238457
9d485631-d3e7-4b9e-9846-86c24d17cd85,12cadca8-c51a-4d86-af40-408bb0fd9381,254,1649868411600918069,1649868411896612069,295,true,0.939609,0.224195
9d485631-d3e7-4b9e-9846-86c24d17cd85,12cadca8-c51a-4d86-af40-408bb0fd9381,255,1649868412132650069,1649868413780671069,1648,true,0.221797,0.248846
9d485631-d3e7-4b9e-9846-86c24d17cd85,12cadca8-c51a-4d86-af40-408bb0fd9381,256,1649868413821678069,1649868414148647069,326,true,0.10909,0.062684
9d485631-d3e7-4b9e-9846-86c24d17cd85,12cadca8-c51a-4d86-af40-408bb0fd9381,257,1649868414180877069,1649868415612780069,1431,true,0.228119,0.234699
9d485631-d3e7-4b9e-9846-86c24d17cd85,12cadca8-c51a-4d86-af40-408bb0fd9381,258,1649868415640677069,1649868415872475069,231,false,0.034292,0.270394
9d485631-d3e7-4b9e-9846-86c24d17cd85,12cadca8-c51a-4d86-af40-408bb0fd9381,259,1649868416020667069,1649868416628494069,607,true,0.203312,0.270998
9d485631-d3e7-4b9e-9846-86c24d17cd85,12cadca8-c51a-4d86-af40-408bb0fd9381,260,1649868416656655069,1649868416864653069,207,false,0.02143,0.265843
9d485631-d3e7-4b9e-9846-86c24d17cd85,12cadca8-c51a-4d86-af40-408bb0fd9381,261,1649868416892482069,1649868417641033069,748,true,0.219374,0.280225
9d485631-d3e7-4b9e-9846-86c24d17cd85,12cadca8-c51a-4d86-af40-408bb0fd9381,262,1649868417668710069,1649868419020764069,1352,true,0.169805,0.239583
9d485631-d3e7-4b9e-9846-86c24d17cd85,12cadca8-c51a-4d86-af40-408bb0fd9381,263,1649868419052655069,1649868419576577069,523,false,0.036462,0.265149
9d485631-d3e7-4b9e-9846-86c24d17cd85,12cadca8-c51a-4d86-af40-408bb0fd9381,264,1649868419608501069,1649868420000702069,392,true,0.239323,0.222534
9d485631-d3e7-4b9e-9846-86c24d17cd85,12cadca8-c51a-4d86-af40-408bb0fd9381,265,1649868420032690069,1649868420853168069,820,false,0.006994,0.284073
9d485631-d3e7-4b9e-9846-86c24d17cd85,12cadca8-c51a-4d86-af40-408bb0fd9381,266,1649868420884907069,1649868421368697069,483,true,0.234168,0.235184
9d485631-d3e7-4b9e-9846-86c24d17cd85,12cadca8-c51a-4d86-af40-408bb0fd9381,267,1649868421400853069,1649868421976681069,575,false,0.036224,0.264247
9d485631-d3e7-4b9e-9846-86c24d17cd85,12cadca8-c51a-4d86-af40-408bb0fd9381,268,1649868422008488069,1649868422228762069,220,true,0.243152,0.252928
9d485631-d3e7-4b9e-9846-86c24d17cd85,12cadca8-c51a-4d86-af40-408bb0fd9381,272,1649868423716584069,1649868424080902069,364,true,0.138654,0.233435
9d485631-d3e7-4b9e-9846-86c24d17cd85,12cadca8-c51a-4d86-af40-408bb0fd9381,273,1649868424368677069,1649868424624795069,256,true,0.156423,0.373068
9d485631-d3e7-4b9e-9846-86c24d17cd85,12cadca8-c51a-4d86-af40-408bb0fd9381,275,1649868425360722069,1649868426472476069,1111,true,0.228808,0.247515
9d485631-d3e7-4b9e-9846-86c24d17cd85,12cadca8-c51a-4d86-af40-408bb0fd9381,277,1649868426784920069,1649868427004709069,219,false,1.267054,0.187502
9d485631-d3e7-4b9e-9846-86c24d17cd85,12cadca8-c51a-4d86-af40-408bb0fd9381,278,1649868427248640069,1649868427368879069,120,true,0.207556,0.394074
9d485631-d3e7-4b9e-9846-86c24d17cd85,12cadca8-c51a-4d86-af40-408bb0fd9381,279,1649868427388491069,1649868428004866069,616,true,0.240175,0.253737
9d485631-d3e7-4b9e-9846-86c24d17cd85,12cadca8-c51a-4d86-af40-408bb0fd9381,280,1649868428236720069,1649868429656491069,1419,true,0.249219,0.256466
9d485631-d3e7-4b9e-9846-86c24d17cd85,12cadca8-c51a-4d86-af40-408bb0fd9381,281,1649868429716496069,1649868430028708069,312,true,0.945508,0.10202
9d485631-d3e7-4b9e-9846-86c24d17cd85,12cadca8-c51a-4d86-af40-408bb0fd9381,282,1649868430208718069,1649868430596728069,388,true,0.227089,0.291857
9d485631-d3e7-4b9e-9846-86c24d17cd85,12cadca8-c51a-4d86-af40-408bb0fd9381,283,1649868430632696069,1649868430960677069,327,false,0.022493,0.247468
9d485631-d3e7-4b9e-9846-86c24d17cd85,12cadca8-c51a-4d86-af40-408bb0fd9381,285,1649868431376485069,1649868431708501069,332,false,0.255188,-0.287006
9d485631-d3e7-4b9e-9846-86c24d17cd85,12cadca8-c51a-4d86-af40-408bb0fd9381,287,1649868432044723069,1649868432524746069,480,false,1.319349,0.894083
9d485631-d3e7-4b9e-9846-86c24d17cd85,12cadca8-c51a-4d86-af40-408bb0fd9381,288,1649868432560856069,1649868433628499069,1067,false,1.36674,0.861086
9d485631-d3e7-4b9e-9846-86c24d17cd85,12cadca8-c51a-4d86-af40-408bb0fd9381,289,1649868433760695069,1649868434321002069,560,false,1.360739,0.944255
9d485631-d3e7-4b9e-9846-86c24d17cd85,12cadca8-c51a-4d86-af40-408bb0fd9381,290,1649868434340910069,1649868434744683069,403,false,1.43819,0.878772
9d485631-d3e7-4b9e-9846-86c24d17cd85,12cadca8-c51a-4d86-af40-408bb0fd9381,293,1649868435268924069,1649868435492491069,223,false,1.072464,0.082595
9d485631-d3e7-4b9e-9846-86c24d17cd85,12cadca8-c51a-4d86-af40-408bb0fd9381,294,1649868435528500069,1649868435928714069,400,false,1.006092,0.260851
9d485631-d3e7-4b9e-9846-86c24d17cd85,12cadca8-c51a-4d86-af40-408bb0fd9381,295,1649868436112475069,1649868436669223069,556,false,1.731884,0.851912
9d485631-d3e7-4b9e-9846-86c24d17cd85,12cadca8-c51a-4d86-af40-408bb0fd9381,298,1649868437984562069,1649868438580609069,596,true,0.187629,0.244989
9d485631-d3e7-4b9e-9846-86c24d17cd85,12cadca8-c51a-4d86-af40-408bb0fd9381,299,1649868438677222069,1649868448908672069,10231,true,0.192,0.230792
9d485631-d3e7-4b9e-9846-86c24d17cd85,12cadca8-c51a-4d86-af40-408bb0fd9381,300,1649868449260533069,1649868449560711069,300,false,12.084544,-1.922594
9d485631-d3e7-4b9e-9846-86c24d17cd85,12cadca8-c51a-4d86-af40-408bb0fd9381,305,1649868451184726069,1649868451505051069,320,true,0.233191,0.244699
9d485631-d3e7-4b9e-9846-86c24d17cd85,12cadca8-c51a-4d86-af40-408bb0fd9381,306,1649868451612478069,1649868451828910069,216,true,0.259498,0.226366
9d485631-d3e7-4b9e-9846-86c24d17cd85,12cadca8-c51a-4d86-af40-408bb0fd9381,307,1649868452141051069,1649868452548912069,407,true,0.23966,0.240042
9d485631-d3e7-4b9e-9846-86c24d17cd85,12cadca8-c51a-4d86-af40-408bb0fd9381,308,1649868452840728069,1649868453440813069,600,true,0.216892,0.207562
9d485631-d3e7-4b9e-9846-86c24d17cd85,12cadca8-c51a-4d86-af40-408bb0fd9381,310,1649868454112529069,1649868454804922069,692,false,2.526444,-0.0312
9d485631-d3e7-4b9e-9846-86c24d17cd85,12cadca8-c51a-4d86-af40-408bb0fd9381,311,1649868454868745069,1649868455328698069,459,false,2.540653,0.843725
9d485631-d3e7-4b9e-9846-86c24d17cd85,12cadca8-c51a-4d86-af40-408bb0fd9381,312,1649868455648637069,1649868456388681069,740,true,0.231937,0.261059
9d485631-d3e7-4b9e-9846-86c24d17cd85,12cadca8-c51a-4d86-af40-408bb0fd9381,313,1649868456420992069,1649868456688825069,267,false,-0.051406,0.285215
9d485631-d3e7-4b9e-9846-86c24d17cd85,12cadca8-c51a-4d86-af40-408bb0fd9381,314,1649868456720789069,1649868456888649069,167,true,0.213539,0.314136
9d485631-d3e7-4b9e-9846-86c24d17cd85,12cadca8-c51a-4d86-af40-408bb0fd9381,315,1649868456940896069,1649868457132561069,191,false,1.115424,0.254714
9d485631-d3e7-4b9e-9846-86c24d17cd85,12cadca8-c51a-4d86-af40-408bb0fd9381,317,1649868457336856069,1649868457909235069,572,false,1.053415,0.32429
9d485631-d3e7-4b9e-9846-86c24d17cd85,12cadca8-c51a-4d86-af40-408bb0fd9381,318,1649868458112892069,1649868459088702069,975,false,1.009816,0.320412
9d485631-d3e7-4b9e-9846-86c24d17cd85,12cadca8-c51a-4d86-af40-408bb0fd9381,319,1649868459145468069,1649868459708960069,563,false,0.042375,0.340795
9d485631-d3e7-4b9e-9846-86c24d17cd85,12cadca8-c51a-4d86-af40-408bb0fd9381,321,1649868460020854069,1649868460396464069,375,false,3.859094,-0.77033
9d485631-d3e7-4b9e-9846-86c24d17cd85,12cadca8-c51a-4d86-af40-408bb0fd9381,323,1649868460728499069,1649868461728748069,1000,false,0.994956,0.288149
9d485631-d3e7-4b9e-9846-86c24d17cd85,12cadca8-c51a-4d86-af40-408bb0fd9381,325,1649868462068660069,1649868462508505069,439,false,0.047525,0.033169
9d485631-d3e7-4b9e-9846-86c24d17cd85,12cadca8-c51a-4d86-af40-408bb0fd9381,326,1649868462548662069,1649868463068862069,520,true,0.194368,0.28422
9d485631-d3e7-4b9e-9846-86c24d17cd85,12cadca8-c51a-4d86-af40-408bb0fd9381,327,1649868463104837069,1649868463448688069,343,true,0.461075,0.203479
9d485631-d3e7-4b9e-9846-86c24d17cd85,12cadca8-c51a-4d86-af40-408bb0fd9381,328,1649868463489025069,1649868463680709069,191,true,0.057917,0.058753
9d485631-d3e7-4b9e-9846-86c24d17cd85,12cadca8-c51a-4d86-af40-408bb0fd9381,329,1649868463860643069,1649868464376697069,516,true,0.206062,0.343522
9d485631-d3e7-4b9e-9846-86c24d17cd85,12cadca8-c51a-4d86-af40-408bb0fd9381,330,1649868464408520069,1649868464704925069,296,true,0.055468,0.251619
9d485631-d3e7-4b9e-9846-86c24d17cd85,12cadca8-c51a-4d86-af40-408bb0fd9381,331,1649868464732741069,1649868464916590069,183,true,0.222607,0.256741
9d485631-d3e7-4b9e-9846-86c24d17cd85,12cadca8-c51a-4d86-af40-408bb0fd9381,332,1649868464952728069,1649868465116484069,163,true,0.162931,0.053167
9d485631-d3e7-4b9e-9846-86c24d17cd85,12cadca8-c51a-4d86-af40-408bb0fd9381,333,1649868465136712069,1649868465316684069,179,false,0.013154,0.019325
9d485631-d3e7-4b9e-9846-86c24d17cd85,12cadca8-c51a-4d86-af40-408bb0fd9381,334,1649868465365150069,1649868466148571069,783,true,0.207476,0.268431
9d485631-d3e7-4b9e-9846-86c24d17cd85,12cadca8-c51a-4d86-af40-408bb0fd9381,335,1649868466176626069,1649868466404671069,228,true,0.454566,0.227728
9d485631-d3e7-4b9e-9846-86c24d17cd85,12cadca8-c51a-4d86-af40-408bb0fd9381,336,1649868466436664069,1649868466745071069,308,true,0.241738,0.198277
9d485631-d3e7-4b9e-9846-86c24d17cd85,12cadca8-c51a-4d86-af40-408bb0fd9381,337,1649868466776483069,1649868467008660069,232,false,0.013371,0.052634
9d485631-d3e7-4b9e-9846-86c24d17cd85,12cadca8-c51a-4d86-af40-408bb0fd9381,338,1649868467060873069,1649868467468540069,407,true,0.460661,0.224153
9d485631-d3e7-4b9e-9846-86c24d17cd85,12cadca8-c51a-4d86-af40-408bb0fd9381,339,1649868467500487069,1649868468840708069,1340,true,0.184023,0.254625
9d485631-d3e7-4b9e-9846-86c24d17cd85,12cadca8-c51a-4d86-af40-408bb0fd9381,340,1649868468876699069,1649868469516737069,640,false,-0.004222,0.020962
9d485631-d3e7-4b9e-9846-86c24d17cd85,12cadca8-c51a-4d86-af40-408bb0fd9381,341,1649868469556496069,1649868471260725069,1704,true,0.172244,0.282515
9d485631-d3e7-4b9e-9846-86c24d17cd85,12cadca8-c51a-4d86-af40-408bb0fd9381,342,1649868471300760069,1649868471568678069,267,true,0.423423,0.148261
9d485631-d3e7-4b9e-9846-86c24d17cd85,12cadca8-c51a-4d86-af40-408bb0fd9381,343,1649868471728784069,1649868472584581069,855,true,0.240799,0.247639
9d485631-d3e7-4b9e-9846-86c24d17cd85,12cadca8-c51a-4d86-af40-408bb0fd9381,344,1649868472620783069,1649868472865071069,244,true,0.499488,0.275673
9d485631-d3e7-4b9e-9846-86c24d17cd85,12cadca8-c51a-4d86-af40-408bb0fd9381,345,1649868472896701069,1649868474792510069,1895,true,0.213541,0.282552
9d485631-d3e7-4b9e-9846-86c24d17cd85,12cadca8-c51a-4d86-af40-408bb0fd9381,347,1649868475936917069,1649868476280609069,343,false,1.081354,0.2642
9d485631-d3e7-4b9e-9846-86c24d17cd85,12cadca8-c51a-4d86-af40-408bb0fd9381,348,1649868476340743069,1649868476704701069,363,true,0.128645,0.323351
9d485631-d3e7-4b9e-9846-86c24d17cd85,12cadca8-c51a-4d86-af40-408bb0fd9381,349,1649868476912810069,1649868477208485069,295,false,1.068375,0.32353
9d485631-d3e7-4b9e-9846-86c24d17cd85,12cadca8-c51a-4d86-af40-408bb0fd9381,350,1649868477472496069,1649868478316531069,844,true,0.170663,0.263868
9d485631-d3e7-4b9e-9846-86c24d17cd85,12cadca8-c51a-4d86-af40-408bb0fd9381,351,1649868478600625069,1649868479668742069,1068,false,1.109554,0.255263
9d485631-d3e7-4b9e-9846-86c24d17cd85,12cadca8-c51a-4d86-af40-408bb0fd9381,352,1649868479840730069,1649868480376696069,535,true,0.278943,0.228415
9d485631-d3e7-4b9e-9846-86c24d17cd85,12cadca8-c51a-4d86-af40-408bb0fd9381,353,1649868480412472069,1649868480632902069,220,true,0.489188,0.20211
9d485631-d3e7-4b9e-9846-86c24d17cd85,12cadca8-c51a-4d86-af40-408bb0fd9381,354,1649868480664751069,1649868481412483069,747,true,0.227441,0.272069
9d485631-d3e7-4b9e-9846-86c24d17cd85,12cadca8-c51a-4d86-af40-408bb0fd9381,356,1649868481712537069,1649868483040717069,1328,false,1.078625,0.298127
9d485631-d3e7-4b9e-9846-86c24d17cd85,12cadca8-c51a-4d86-af40-408bb0fd9381,357,1649868483220787069,1649868484340687069,1119,true,0.231165,0.271802
9d485631-d3e7-4b9e-9846-86c24d17cd85,12cadca8-c51a-4d86-af40-408bb0fd9381,361,1649868485408497069,1649868485936677069,528,true,0.229941,0.299904
9d485631-d3e7-4b9e-9846-86c24d17cd85,12cadca8-c51a-4d86-af40-408bb0fd9381,362,1649868485989143069,1649868486300801069,311,false,1.037156,0.416218
9d485631-d3e7-4b9e-9846-86c24d17cd85,12cadca8-c51a-4d86-af40-408bb0fd9381,363,1649868486481032069,1649868486708755069,227,false,1.18202,0.173228
9d485631-d3e7-4b9e-9846-86c24d17cd85,12cadca8-c51a-4d86-af40-408bb0fd9381,364,1649868486772531069,1649868488172581069,1400,false,0.112491,0.296201
9d485631-d3e7-4b9e-9846-86c24d17cd85,12cadca8-c51a-4d86-af40-408bb0fd9381,365,1649868488557058069,1649868488848808069,291,false,2.593142,0.138129
9d485631-d3e7-4b9e-9846-86c24d17cd85,12cadca8-c51a-4d86-af40-408bb0fd9381,366,1649868489096485069,1649868489748967069,652,true,0.133793,0.295674
9d485631-d3e7-4b9e-9846-86c24d17cd85,12cadca8-c51a-4d86-af40-408bb0fd9381,367,1649868489796754069,1649868491068793069,1272,false,1.046767,0.267464
9d485631-d3e7-4b9e-9846-86c24d17cd85,12cadca8-c51a-4d86-af40-408bb0fd9381,368,1649868491088732069,1649868491368846069,280,false,1.166491,0.156674
9d485631-d3e7-4b9e-9846-86c24d17cd85,12cadca8-c51a-4d86-af40-408bb0fd9381,369,1649868491552895069,1649868492104932069,552,true,0.175499,0.242845
9d485631-d3e7-4b9e-9846-86c24d17cd85,12cadca8-c51a-4d86-af40-408bb0fd9381,375,1649868494308710069,1649868494708821069,400,true,0.155797,0.226628
9d485631-d3e7-4b9e-9846-86c24d17cd85,12cadca8-c51a-4d86-af40-408bb0fd9381,376,1649868494888705069,1649868495336471069,447,false,1.040248,0.309973
9d485631-d3e7-4b9e-9846-86c24d17cd85,12cadca8-c51a-4d86-af40-408bb0fd9381,377,1649868495393090069,1649868495656744069,263,true,0.113817,0.326234
9d485631-d3e7-4b9e-9846-86c24d17cd85,12cadca8-c51a-4d86-af40-408bb0fd9381,378,1649868495861396069,1649868495996706069,135,true,0.249185,0.335412
9d485631-d3e7-4b9e-9846-86c24d17cd85,12cadca8-c51a-4d86-af40-408bb0fd9381,379,1649868496040698069,1649868496348727069,308,true,0.089346,0.074639
9d485631-d3e7-4b9e-9846-86c24d17cd85,12cadca8-c51a-4d86-af40-408bb0fd9381,380,1649868496380790069,1649868496681103069,300,true,0.254128,0.249165
9d485631-d3e7-4b9e-9846-86c24d17cd85,12cadca8-c51a-4d86-af40-408bb0fd9381,381,1649868496716671069,1649868496924692069,208,true,0.073436,0.064052
9d485631-d3e7-4b9e-9846-86c24d17cd85,12cadca8-c51a-4d86-af40-408bb0fd9381,382,1649868496964630069,1649868498152754069,1188,true,0.248073,0.236183
9d485631-d3e7-4b9e-9846-86c24d17cd85,12cadca8-c51a-4d86-af40-408bb0fd9381,383,1649868498208471069,1649868498688771069,480,false,1.165109,0.105964
9d485631-d3e7-4b9e-9846-86c24d17cd85,12cadca8-c51a-4d86-af40-408bb0fd9381,384,1649868498856830069,1649868499240904069,384,true,0.200244,0.24798
9d485631-d3e7-4b9e-9846-86c24d17cd85,12cadca8-c51a-4d86-af40-408bb0fd9381,385,1649868499272624069,1649868499401314069,128,true,0.340841,0.294194
9d485631-d3e7-4b9e-9846-86c24d17cd85,12cadca8-c51a-4d86-af40-408bb0fd9381,386,1649868499420674069,1649868500028896069,608,true,0.476521,0.278532
9d485631-d3e7-4b9e-9846-86c24d17cd85,12cadca8-c51a-4d86-af40-408bb0fd9381,387,1649868500052706069,1649868500493043069,440,true,0.32988,0.209866
9d485631-d3e7-4b9e-9846-86c24d17cd85,12cadca8-c51a-4d86-af40-408bb0fd9381,389,1649868500804673069,1649868501920756069,1116,false,2.569302,-0.869257
9d485631-d3e7-4b9e-9846-86c24d17cd85,12cadca8-c51a-4d86-af40-408bb0fd9381,391,1649868502932878069,1649868503112689069,179,true,0.583192,0.165713
9d485631-d3e7-4b9e-9846-86c24d17cd85,12cadca8-c51a-4d86-af40-408bb0fd9381,392,1649868503136722069,1649868503504560069,367,true,0.627016,0.270702
9d485631-d3e7-4b9e-9846-86c24d17cd85,12cadca8-c51a-4d86-af40-408bb0fd9381,393,1649868503544925069,1649868503816734069,271,true,0.478808,0.149831
9d485631-d3e7-4b9e-9846-86c24d17cd85,12cadca8-c51a-4d86-af40-408bb0fd9381,394,1649868503988636069,1649868504392935069,404,true,0.010419,0.152806
9d485631-d3e7-4b9e-9846-86c24d17cd85,12cadca8-c51a-4d86-af40-408bb0fd9381,395,1649868504604711069,1649868505088724069,484,true,0.228698,0.244005
9d485631-d3e7-4b9e-9846-86c24d17cd85,12cadca8-c51a-4d86-af40-408bb0fd9381,396,1649868505144939069,1649868505680958069,536,false,1.020526,0.252011
9d485631-d3e7-4b9e-9846-86c24d17cd85,12cadca8-c51a-4d86-af40-408bb0fd9381,397,1649868505852981069,1649868506400997069,548,true,0.243196,0.230586
9d485631-d3e7-4b9e-9846-86c24d17cd85,12cadca8-c51a-4d86-af40-408bb0fd9381,398,1649868506428811069,1649868506728651069,299,true,0.095318,0.072345
9d485631-d3e7-4b9e-9846-86c24d17cd85,12cadca8-c51a-4d86-af40-408bb0fd9381,399,1649868506941128069,1649868507005056069,63,true,0.250819,0.220633
9d485631-d3e7-4b9e-9846-86c24d17cd85,12cadca8-c51a-4d86-af40-408bb0fd9381,400,1649868507024532069,1649868507220718069,196,true,0.215018,0.227893
9d485631-d3e7-4b9e-9846-86c24d17cd85,12cadca8-c51a-4d86-af40-408bb0fd9381,403,1649868507916682069,1649868508148703069,232,false,3.525447,-1.071009
9d485631-d3e7-4b9e-9846-86c24d17cd85,12cadca8-c51a-4d86-af40-408bb0fd9381,404,1649868508376756069,1649868508924682069,547,true,0.267049,0.248859
9d485631-d3e7-4b9e-9846-86c24d17cd85,12cadca8-c51a-4d86-af40-408bb0fd9381,405,1649868508972507069,1649868509740696069,768,true,0.981495,0.091903
9d485631-d3e7-4b9e-9846-86c24d17cd85,12cadca8-c51a-4d86-af40-408bb0fd9381,406,1649868510168478069,1649868510996690069,828,false,1.457811,0.958088
9d485631-d3e7-4b9e-9846-86c24d17cd85,12cadca8-c51a-4d86-af40-408bb0fd9381,407,1649868511024721069,1649868512000709069,975,false,1.358817,1.029587
9d485631-d3e7-4b9e-9846-86c24d17cd85,12cadca8-c51a-4d86-af40-408bb0fd9381,412,1649868513472960069,1649868513601116069,128,true,0.256666,0.240799
9d485631-d3e7-4b9e-9846-86c24d17cd85,12cadca8-c51a-4d86-af40-408bb0fd9381,413,1649868513980901069,1649868515044991069,1064,false,-5.575552,0.24578
9d485631-d3e7-4b9e-9846-86c24d17cd85,12cadca8-c51a-4d86-af40-408bb0fd9381,414,1649868515072818069,1649868515456689069,383,false,4.67155,-1.123258
9d485631-d3e7-4b9e-9846-86c24d17cd85,12cadca8-c51a-4d86-af40-408bb0fd9381,415,1649868515692597069,1649868517000581069,1307,false,4.630542,-1.131559
9d485631-d3e7-4b9e-9846-86c24d17cd85,12cadca8-c51a-4d86-af40-408bb0fd9381,417,1649868517568674069,1649868518188691069,620,true,0.124585,0.233418
9d485631-d3e7-4b9e-9846-86c24d17cd85,12cadca8-c51a-4d86-af40-408bb0fd9381,419,1649868519032843069,1649868519708755069,675,false,3.987302,-0.642757
9d485631-d3e7-4b9e-9846-86c24d17cd85,12cadca8-c51a-4d86-af40-408bb0fd9381,421,1649868520548951069,1649868520940690069,391,true,0.226639,0.256233
9d485631-d3e7-4b9e-9846-86c24d17cd85,12cadca8-c51a-4d86-af40-408bb0fd9381,422,1649868520972494069,1649868521120939069,148,true,0.510363,0.271543
9d485631-d3e7-4b9e-9846-86c24d17cd85,12cadca8-c51a-4d86-af40-408bb0fd9381,423,1649868521152475069,1649868522072689069,920,true,0.191071,0.233725
9d485631-d3e7-4b9e-9846-86c24d17cd85,12cadca8-c51a-4d86-af40-408bb0fd9381,424,1649868522297068069,1649868522456962069,159,true,0.218885,0.194319
9d485631-d3e7-4b9e-9846-86c24d17cd85,12cadca8-c51a-4d86-af40-408bb0fd9381,425,1649868522484916069,1649868522720767069,235,false,-0.020255,0.295028
9d485631-d3e7-4b9e-9846-86c24d17cd85,12cadca8-c51a-4d86-af40-408bb0fd9381,426,1649868522756674069,1649868523512659069,755,true,0.148632,0.224245
9d485631-d3e7-4b9e-9846-86c24d17cd85,12cadca8-c51a-4d86-af40-408bb0fd9381,427,1649868523540984069,1649868523764673069,223,false,-0.07659,0.308056
9d485631-d3e7-4b9e-9846-86c24d17cd85,12cadca8-c51a-4d86-af40-408bb0fd9381,428,1649868523796680069,1649868524481095069,684,true,0.162577,0.23279
9d485631-d3e7-4b9e-9846-86c24d17cd85,12cadca8-c51a-4d86-af40-408bb0fd9381,429,1649868524532468069,1649868524952880069,420,true,0.976069,0.170976
9d485631-d3e7-4b9e-9846-86c24d17cd85,12cadca8-c51a-4d86-af40-408bb0fd9381,430,1649868525008482069,1649868526016754069,1008,true,0.120893,0.251894
9d485631-d3e7-4b9e-9846-86c24d17cd85,12cadca8-c51a-4d86-af40-408bb0fd9381,431,1649868526060690069,1649868526772734069,712,true,0.538616,0.352785
9d485631-d3e7-4b9e-9846-86c24d17cd85,12cadca8-c51a-4d86-af40-408bb0fd9381,433,1649868527076480069,1649868527696651069,620,false,2.520512,-0.840047
9d485631-d3e7-4b9e-9846-86c24d17cd85,12cadca8-c51a-4d86-af40-408bb0fd9381,436,1649868528620651069,1649868528748708069,128,true,0.540371,0.163697
9d485631-d3e7-4b9e-9846-86c24d17cd85,12cadca8-c51a-4d86-af40-408bb0fd9381,437,1649868528780698069,1649868528928883069,148,true,0.563326,0.209004
9d485631-d3e7-4b9e-9846-86c24d17cd85,12cadca8-c51a-4d86-af40-408bb0fd9381,438,1649868528948696069,1649868529248716069,300,true,0.405645,0.274688
9d485631-d3e7-4b9e-9846-86c24d17cd85,12cadca8-c51a-4d86-af40-408bb0fd9381,439,1649868529276834069,1649868529540680069,263,true,0.222066,0.328472
9d485631-d3e7-4b9e-9846-86c24d17cd85,12cadca8-c51a-4d86-af40-408bb0fd9381,442,1649868530321086069,1649868530537163069,216,false,2.356861,-0.532476
9d485631-d3e7-4b9e-9846-86c24d17cd85,12cadca8-c51a-4d86-af40-408bb0fd9381,447,1649868532620653069,1649868532848743069,228,true,0.203913,0.313841
9d485631-d3e7-4b9e-9846-86c24d17cd85,12cadca8-c51a-4d86-af40-408bb0fd9381,448,1649868533308482069,1649868533428816069,120,false,1.040152,0.290427
9d485631-d3e7-4b9e-9846-86c24d17cd85,12cadca8-c51a-4d86-af40-408bb0fd9381,449,1649868533636715069,1649868534132473069,495,true,0.231833,0.19713
9d485631-d3e7-4b9e-9846-86c24d17cd85,12cadca8-c51a-4d86-af40-408bb0fd9381,450,1649868534360691069,1649868535504721069,1144,true,0.208087,0.203574
9d485631-d3e7-4b9e-9846-86c24d17cd85,12cadca8-c51a-4d86-af40-408bb0fd9381,451,1649868535556706069,1649868535872736069,316,true,0.943181,0.19158
9d485631-d3e7-4b9e-9846-86c24d17cd85,12cadca8-c51a-4d86-af40-408bb0fd9381,452,1649868535920711069,1649868537696669069,1775,true,0.183063,0.236464
9d485631-d3e7-4b9e-9846-86c24d17cd85,12cadca8-c51a-4d86-af40-408bb0fd9381,454,1649868538252710069,1649868538560905069,308,true,0.237743,0.195878
9d485631-d3e7-4b9e-9846-86c24d17cd85,12cadca8-c51a-4d86-af40-408bb0fd9381,455,1649868538592721069,1649868538792699069,199,true,0.413797,0.144355
e80e2636-dc06-44de-8a26-1cdc42b89df1,339cc055-f012-46c4-b76c-8f3c37239bdf,2,1649867081934670335,1649867083270652335,1335,false,-0.213074,-0.174391
e80e2636-dc06-44de-8a26-1cdc42b89df1,339cc055-f012-46c4-b76c-8f3c37239bdf,3,1649867083290674335,1649867083726706335,436,false,-0.30176,-0.258935
e80e2636-dc06-44de-8a26-1cdc42b89df1,339cc055-f012-46c4-b76c-8f3c37239bdf,4,1649867083742704335,1649867084662681335,919,false,-0.2169,-0.298399
e80e2636-dc06-44de-8a26-1cdc42b89df1,339cc055-f012-46c4-b76c-8f3c37239bdf,5,1649867084742710335,1649867084954692335,211,false,-0.013551,-0.303857
e80e2636-dc06-44de-8a26-1cdc42b89df1,339cc055-f012-46c4-b76c-8f3c37239bdf,6,1649867084974757335,1649867086642674335,1667,false,0.120928,-0.175617
e80e2636-dc06-44de-8a26-1cdc42b89df1,339cc055-f012-46c4-b76c-8f3c37239bdf,7,1649867086662822335,1649867086850714335,187,false,0.384512,-0.022651
e80e2636-dc06-44de-8a26-1cdc42b89df1,339cc055-f012-46c4-b76c-8f3c37239bdf,8,1649867086878693335,1649867088582691335,1703,false,0.629065,0.004826
e80e2636-dc06-44de-8a26-1cdc42b89df1,339cc055-f012-46c4-b76c-8f3c37239bdf,9,1649867088603896335,1649867090622859335,2018,false,1.064557,-0.062611
e80e2636-dc06-44de-8a26-1cdc42b89df1,339cc055-f012-46c4-b76c-8f3c37239bdf,10,1649867090650938335,1649867091030700335,379,false,0.85805,0.069314
e80e2636-dc06-44de-8a26-1cdc42b89df1,339cc055-f012-46c4-b76c-8f3c37239bdf,11,1649867091050730335,1649867094014787335,2964,false,0.870368,0.142411
e80e2636-dc06-44de-8a26-1cdc42b89df1,339cc055-f012-46c4-b76c-8f3c37239bdf,12,1649867094034770335,1649867096518715335,2483,false,1.755856,0.299095
e80e2636-dc06-44de-8a26-1cdc42b89df1,339cc055-f012-46c4-b76c-8f3c37239bdf,13,1649867096538719335,1649867097422689335,883,false,2.459697,0.417821
e80e2636-dc06-44de-8a26-1cdc42b89df1,339cc055-f012-46c4-b76c-8f3c37239bdf,14,1649867097442734335,1649867098550857335,1108,false,2.959452,0.408887
e80e2636-dc06-44de-8a26-1cdc42b89df1,339cc055-f012-46c4-b76c-8f3c37239bdf,15,1649867098570701335,1649867101690709335,3120,false,3.144852,0.459844
e80e2636-dc06-44de-8a26-1cdc42b89df1,339cc055-f012-46c4-b76c-8f3c37239bdf,16,1649867101714708335,1649867102746902335,1032,false,4.920968,0.0256
e80e2636-dc06-44de-8a26-1cdc42b89df1,339cc055-f012-46c4-b76c-8f3c37239bdf,23,1649867104354697335,1649867104982718335,628,false,0.230208,0.717362
e80e2636-dc06-44de-8a26-1cdc42b89df1,339cc055-f012-46c4-b76c-8f3c37239bdf,24,1649867105002726335,1649867106162740335,1160,false,-1.878883,0.883841
e80e2636-dc06-44de-8a26-1cdc42b89df1,339cc055-f012-46c4-b76c-8f3c37239bdf,25,1649867106190719335,1649867107394713335,1203,false,-2.049351,1.105721
e80e2636-dc06-44de-8a26-1cdc42b89df1,339cc055-f012-46c4-b76c-8f3c37239bdf,26,1649867107414709335,1649867108099115335,684,false,-1.14947,0.454317
e80e2636-dc06-44de-8a26-1cdc42b89df1,339cc055-f012-46c4-b76c-8f3c37239bdf,27,1649867108130710335,1649867108882698335,751,false,-1.030275,0.443905
e80e2636-dc06-44de-8a26-1cdc42b89df1,339cc055-f012-46c4-b76c-8f3c37239bdf,28,1649867108902766335,1649867109282855335,380,false,-0.722332,0.303935
e80e2636-dc06-44de-8a26-1cdc42b89df1,339cc055-f012-46c4-b76c-8f3c37239bdf,30,1649867109482718335,1649867114810639335,5327,false,1.223314,-0.216434
e80e2636-dc06-44de-8a26-1cdc42b89df1,339cc055-f012-46c4-b76c-8f3c37239bdf,31,1649867114878727335,1649867115470687335,591,false,1.442625,-0.35217
e80e2636-dc06-44de-8a26-1cdc42b89df1,339cc055-f012-46c4-b76c-8f3c37239bdf,32,1649867115490685335,1649867115894702335,404,false,1.463794,-0.413026
e80e2636-dc06-44de-8a26-1cdc42b89df1,339cc055-f012-46c4-b76c-8f3c37239bdf,33,1649867115919022335,1649867117722720335,1803,false,1.379893,-0.40495
e80e2636-dc06-44de-8a26-1cdc42b89df1,339cc055-f012-46c4-b76c-8f3c37239bdf,42,1649867121098833335,1649867122042682335,943,false,3.221591,-0.698456
e80e2636-dc06-44de-8a26-1cdc42b89df1,339cc055-f012-46c4-b76c-8f3c37239bdf,48,1649867123034716335,1649867123194708335,159,false,1.587663,-0.452073
e80e2636-dc06-44de-8a26-1cdc42b89df1,339cc055-f012-46c4-b76c-8f3c37239bdf,49,1649867123210672335,1649867123274734335,64,false,1.64541,-0.437276
e80e2636-dc06-44de-8a26-1cdc42b89df1,339cc055-f012-46c4-b76c-8f3c37239bdf,50,1649867123358733335,1649867123694748335,336,false,1.381174,-0.338371
e80e2636-dc06-44de-8a26-1cdc42b89df1,339cc055-f012-46c4-b76c-8f3c37239bdf,51,1649867123718712335,1649867124890702335,1171,false,0.832904,-0.180614
e80e2636-dc06-44de-8a26-1cdc42b89df1,339cc055-f012-46c4-b76c-8f3c37239bdf,52,1649867124918707335,1649867124978701335,59,false,0.69787,-0.188322
e80e2636-dc06-44de-8a26-1cdc42b89df1,339cc055-f012-46c4-b76c-8f3c37239bdf,53,1649867124998706335,1649867125634763335,636,false,0.615189,-0.124435
e80e2636-dc06-44de-8a26-1cdc42b89df1,339cc055-f012-46c4-b76c-8f3c37239bdf,54,1649867125654748335,1649867125918731335,263,false,0.504744,-0.081239
e80e2636-dc06-44de-8a26-1cdc42b89df1,339cc055-f012-46c4-b76c-8f3c37239bdf,55,1649867125943228335,1649867126186719335,243,false,0.457895,-0.025142
e80e2636-dc06-44de-8a26-1cdc42b89df1,339cc055-f012-46c4-b76c-8f3c37239bdf,56,1649867126206689335,1649867126282692335,76,true,0.414791,0.034578
e80e2636-dc06-44de-8a26-1cdc42b89df1,339cc055-f012-46c4-b76c-8f3c37239bdf,57,1649867126302663335,1649867126722695335,420,false,0.496409,0.043018
e80e2636-dc06-44de-8a26-1cdc42b89df1,339cc055-f012-46c4-b76c-8f3c37239bdf,58,1649867126742705335,1649867126802678335,59,true,0.556723,0.109454
e80e2636-dc06-44de-8a26-1cdc42b89df1,339cc055-f012-46c4-b76c-8f3c37239bdf,59,1649867126822675335,1649867127034974335,212,false,0.52133,0.054161
e80e2636-dc06-44de-8a26-1cdc42b89df1,339cc055-f012-46c4-b76c-8f3c37239bdf,60,1649867127054661335,1649867127754752335,700,true,0.606375,0.223574
e80e2636-dc06-44de-8a26-1cdc42b89df1,339cc055-f012-46c4-b76c-8f3c37239bdf,61,1649867127774788335,1649867128454742335,679,false,0.868179,0.452468
e80e2636-dc06-44de-8a26-1cdc42b89df1,339cc055-f012-46c4-b76c-8f3c37239bdf,62,1649867128474758335,1649867128910707335,435,false,1.140428,0.573272
e80e2636-dc06-44de-8a26-1cdc42b89df1,339cc055-f012-46c4-b76c-8f3c37239bdf,63,1649867129010717335,1649867129602697335,591,false,1.310779,0.690932
e80e2636-dc06-44de-8a26-1cdc42b89df1,339cc055-f012-46c4-b76c-8f3c37239bdf,71,1649867131755006335,1649867132150716335,395,false,2.215817,1.284171
e80e2636-dc06-44de-8a26-1cdc42b89df1,339cc055-f012-46c4-b76c-8f3c37239bdf,72,1649867132170656335,1649867132490647335,319,false,2.182931,1.327571
e80e2636-dc06-44de-8a26-1cdc42b89df1,339cc055-f012-46c4-b76c-8f3c37239bdf,73,1649867132518702335,1649867132738732335,220,false,2.315154,1.304961
e80e2636-dc06-44de-8a26-1cdc42b89df1,339cc055-f012-46c4-b76c-8f3c37239bdf,74,1649867132758691335,1649867133118956335,360,false,2.413919,1.354105
e80e2636-dc06-44de-8a26-1cdc42b89df1,339cc055-f012-46c4-b76c-8f3c37239bdf,75,1649867133174731335,1649867133382693335,207,false,2.56411,1.399867
e80e2636-dc06-44de-8a26-1cdc42b89df1,339cc055-f012-46c4-b76c-8f3c37239bdf,76,1649867133402702335,1649867133554723335,152,false,2.508908,1.437018
e80e2636-dc06-44de-8a26-1cdc42b89df1,339cc055-f012-46c4-b76c-8f3c37239bdf,77,1649867133578727335,1649867133854957335,276,false,2.485667,1.457497
e80e2636-dc06-44de-8a26-1cdc42b89df1,339cc055-f012-46c4-b76c-8f3c37239bdf,78,1649867133938692335,1649867134222692335,284,false,2.58149,1.427512
e80e2636-dc06-44de-8a26-1cdc42b89df1,339cc055-f012-46c4-b76c-8f3c37239bdf,79,1649867134242715335,1649867134970703335,727,false,2.794081,1.414544
e80e2636-dc06-44de-8a26-1cdc42b89df1,339cc055-f012-46c4-b76c-8f3c37239bdf,80,1649867135074699335,1649867135334845335,260,false,2.928796,1.537116
e80e2636-dc06-44de-8a26-1cdc42b89df1,339cc055-f012-46c4-b76c-8f3c37239bdf,81,1649867135354766335,1649867135702698335,347,false,2.916914,1.584607
e80e2636-dc06-44de-8a26-1cdc42b89df1,339cc055-f012-46c4-b76c-8f3c37239bdf,82,1649867135730707335,1649867135902738335,172,false,3.009848,1.596811
e80e2636-dc06-44de-8a26-1cdc42b89df1,339cc055-f012-46c4-b76c-8f3c37239bdf,83,1649867136102718335,1649867136202662335,99,false,3.02871,1.674749
e80e2636-dc06-44de-8a26-1cdc42b89df1,339cc055-f012-46c4-b76c-8f3c37239bdf,84,1649867136222771335,1649867136482707335,259,false,3.026579,1.751859
e80e2636-dc06-44de-8a26-1cdc42b89df1,339cc055-f012-46c4-b76c-8f3c37239bdf,85,1649867136550724335,1649867136698716335,147,false,3.047451,1.560584
e80e2636-dc06-44de-8a26-1cdc42b89df1,339cc055-f012-46c4-b76c-8f3c37239bdf,86,1649867136830710335,1649867136942749335,112,false,3.106119,1.420302
e80e2636-dc06-44de-8a26-1cdc42b89df1,339cc055-f012-46c4-b76c-8f3c37239bdf,87,1649867136998687335,1649867137235046335,236,false,3.282614,1.379046
e80e2636-dc06-44de-8a26-1cdc42b89df1,339cc055-f012-46c4-b76c-8f3c37239bdf,88,1649867137258869335,1649867137498729335,239,false,3.209614,1.294106
e80e2636-dc06-44de-8a26-1cdc42b89df1,339cc055-f012-46c4-b76c-8f3c37239bdf,89,1649867137518724335,1649867138154756335,636,false,3.313895,1.285009
e80e2636-dc06-44de-8a26-1cdc42b89df1,339cc055-f012-46c4-b76c-8f3c37239bdf,90,1649867138182690335,1649867138338718335,156,false,3.156216,1.218587
e80e2636-dc06-44de-8a26-1cdc42b89df1,339cc055-f012-46c4-b76c-8f3c37239bdf,91,1649867138358715335,1649867140130843335,1772,false,3.562579,1.647786
e80e2636-dc06-44de-8a26-1cdc42b89df1,339cc055-f012-46c4-b76c-8f3c37239bdf,99,1649867147902714335,1649867148698710335,795,false,0.912249,1.471174
e80e2636-dc06-44de-8a26-1cdc42b89df1,339cc055-f012-46c4-b76c-8f3c37239bdf,100,1649867148722715335,1649867150158676335,1435,false,0.794667,1.298064
e80e2636-dc06-44de-8a26-1cdc42b89df1,339cc055-f012-46c4-b76c-8f3c37239bdf,105,1649867150822680335,1649867151094824335,272,false,2.36408,0.459735
e80e2636-dc06-44de-8a26-1cdc42b89df1,339cc055-f012-46c4-b76c-8f3c37239bdf,106,1649867151122715335,1649867151314761335,192,false,2.454184,0.738346
e80e2636-dc06-44de-8a26-1cdc42b89df1,339cc055-f012-46c4-b76c-8f3c37239bdf,107,1649867151370655335,1649867151650989335,280,false,2.79453,0.694021
e80e2636-dc06-44de-8a26-1cdc42b89df1,339cc055-f012-46c4-b76c-8f3c37239bdf,108,1649867151670658335,1649867151990665335,320,false,3.798681,1.268061
e80e2636-dc06-44de-8a26-1cdc42b89df1,339cc055-f012-46c4-b76c-8f3c37239bdf,109,1649867152042908335,1649867152542896335,499,false,3.978861,1.135899
e80e2636-dc06-44de-8a26-1cdc42b89df1,339cc055-f012-46c4-b76c-8f3c37239bdf,111,1649867152866678335,1649867152934716335,68,false,2.704399,0.943691
e80e2636-dc06-44de-8a26-1cdc42b89df1,339cc055-f012-46c4-b76c-8f3c37239bdf,116,1649867153834733335,1649867153954749335,120,false,3.101143,0.890544
e80e2636-dc06-44de-8a26-1cdc42b89df1,339cc055-f012-46c4-b76c-8f3c37239bdf,121,1649867156642736335,1649867157234745335,592,false,-0.72142,0.882693
e80e2636-dc06-44de-8a26-1cdc42b89df1,339cc055-f012-46c4-b76c-8f3c37239bdf,122,1649867157354697335,1649867157878700335,524,false,-0.456185,0.724884
e80e2636-dc06-44de-8a26-1cdc42b89df1,339cc055-f012-46c4-b76c-8f3c37239bdf,124,1649867158166717335,1649867159858745335,1692,true,0.589013,0.401426
e80e2636-dc06-44de-8a26-1cdc42b89df1,339cc055-f012-46c4-b76c-8f3c37239bdf,125,1649867160018725335,1649867160378731335,360,true,0.749885,0.396686
e80e2636-dc06-44de-8a26-1cdc42b89df1,339cc055-f012-46c4-b76c-8f3c37239bdf,126,1649867160398705335,1649867160762732335,364,true,0.76334,0.368393
e80e2636-dc06-44de-8a26-1cdc42b89df1,339cc055-f012-46c4-b76c-8f3c37239bdf,127,1649867160790710335,1649867161810935335,1020,true,0.790099,0.410004
e80e2636-dc06-44de-8a26-1cdc42b89df1,339cc055-f012-46c4-b76c-8f3c37239bdf,128,1649867161838717335,1649867162815065335,976,true,0.812621,0.409263
e80e2636-dc06-44de-8a26-1cdc42b89df1,339cc055-f012-46c4-b76c-8f3c37239bdf,129,1649867162834744335,1649867163530740335,695,false,0.956031,0.573243
e80e2636-dc06-44de-8a26-1cdc42b89df1,339cc055-f012-46c4-b76c-8f3c37239bdf,130,1649867163622715335,1649867164514728335,892,false,1.253885,0.425562
e80e2636-dc06-44de-8a26-1cdc42b89df1,339cc055-f012-46c4-b76c-8f3c37239bdf,131,1649867164534700335,1649867165694821335,1160,false,2.235381,0.311991
e80e2636-dc06-44de-8a26-1cdc42b89df1,339cc055-f012-46c4-b76c-8f3c37239bdf,132,1649867165730746335,1649867166362717335,631,false,2.661792,0.266399
e80e2636-dc06-44de-8a26-1cdc42b89df1,339cc055-f012-46c4-b76c-8f3c37239bdf,153,1649867180934674335,1649867183074925335,2140,false,1.155508,1.474762
e80e2636-dc06-44de-8a26-1cdc42b89df1,339cc055-f012-46c4-b76c-8f3c37239bdf,160,1649867185134704335,1649867185227088335,92,false,5.66455,1.474979
e80e2636-dc06-44de-8a26-1cdc42b89df1,339cc055-f012-46c4-b76c-8f3c37239bdf,161,1649867185242702335,1649867185343253335,100,false,5.986983,1.353323
e80e2636-dc06-44de-8a26-1cdc42b89df1,339cc055-f012-46c4-b76c-8f3c37239bdf,164,1649867185943063335,1649867186179080335,236,false,6.624199,2.140906
e80e2636-dc06-44de-8a26-1cdc42b89df1,339cc055-f012-46c4-b76c-8f3c37239bdf,170,1649867190430852335,1649867193350735335,2919,false,0.594761,1.648047
